id,name
669935,A. J. Alexy
595918,A. J. Cole
805999,A. J. Ewing
669332,A. J. Labas
607609,A. J. Ladwig
621345,A. J. Minter
640462,A. J. Puk
805123,AJ Blubaugh
674630,AJ Lewis
572041,AJ Pollock
573109,AJ Ramos
700363,AJ Smith-Shawver
689577,Aaron Antonini
676879,Aaron Ashby
502578,Aaron Barrett
605156,Aaron Brooks
607481,Aaron Bummer
650644,Aaron Civale
667465,Aaron Fletcher
543305,Aaron Hicks
592450,Aaron Judge
571901,Aaron Loup
691004,Aaron Nixon
605400,Aaron Nola
573062,Aaron Northcraft
801590,Aaron Parker
592717,Aaron Sanchez
668845,Aaron Schunk
642083,Aaron Slegers
664334,Aaron Whitefield
658792,Aaron Wilkerson
694673,Abimelec Ortiz
682842,Abner Uribe
501659,Abraham Almonte
647351,Abraham Toro
691182,Adael Amador
609275,Adalberto Mondesí
643256,Adam Cimber
543045,Adam Conley
594807,Adam Duvall
594809,Adam Eaton
641553,Adam Engel
624428,Adam Frazier
656514,Adam Haseley
680572,Adam Kloffenstein
592473,Adam Kolarek
671936,Adam Macko
800049,Adam Mazur
605388,Adam Morgan
670124,Adam Oller
493603,Adam Ottavino
592644,Adam Plutko
703445,Adam Serwinowski
688636,Adam Stone
425794,Adam Wainwright
640470,Adbert Alzolay
680718,Addison Barger
588751,Adeiny Hechavarría
682632,Adinso Reyes
668939,Adley Rutschman
801743,Adolfo Oviedo
666969,Adolis García
658431,Adonis Medina
807974,Adrian Bohorquez
680728,Adrian Del Castillo
605288,Adrian Houser
592716,Adrian Sampson
661309,Adrián Martinez
670970,Adrián Morejón
506703,Adrián Sánchez
682663,Agustín Ramírez
805795,Aidan Miller
801995,Aiden May
641384,Akeem Bostick
668731,Akil Baddoo
641427,Alan Busenitz
683013,Alan Mejia
660604,Alan Rangel
702176,Alan Roden
676701,Alan Trejo
656061,Albert Abreu
546991,Albert Almora
405395,Albert Pujols
544150,Albert Suárez
593604,Alberto Baldonado
444876,Alcides Escobar
676424,Alec Bettinger
664761,Alec Bohm
676475,Alec Burleson
679525,Alec Marsh
621219,Alec Mills
805297,Alec Sayre
649557,Aledmys Díaz
702901,Alejandro Gomez
672386,Alejandro Kirk
696030,Alejandro Osuna
664670,Alejo López
689690,Alek Jacob
666201,Alek Manoah
677950,Alek Thomas
700344,Alessandro Ercolani
806334,Alex Amalfi
488671,Alex Avila
607468,Alex Blandino
608324,Alex Bregman
806628,Alex Bustamante
669743,Alex Call
692024,Alex Carrillo
592222,Alex Claudio
502171,Alex Cobb
517008,Alex Colomé
621008,Alex De Goti
543105,Alex Dickerson
656412,Alex Faedo
690976,Alex Freeland
687885,Alex Garbrick
460086,Alex Gordon
656577,Alex Jackson
666135,Alex Kirilloff
656638,Alex Lange
686934,Alex McFarlane
702914,Alex McKenney
656725,Alex McRae
702129,Alex Pham
702102,Alex Rao
621052,Alex Reyes
666208,Alex Speas
657077,Alex Verdugo
681911,Alex Vesia
649144,Alex Wells
622072,Alex Wood
622065,Alex Young
672744,Alexander Canario
664747,Alexis Díaz
692562,Alexis Hernandez
800225,Alexis Torres
663845,Alfonso Rivas
645305,Ali Sánchez
675961,Alika Williams
642216,Allan Winans
702098,Allen Facundo
695074,Alonzo Rubalcaba
677572,Alvaro Gonzalez
642708,Amed Rosario
607237,Amir Garrett
686294,Amos Willingham
659262,Anderson Espinoza
644429,Anderson Severino
660731,Anderson Tejeda
701552,Andre Granillo
656578,Andre Jackson
686531,Andre Lipcius
669467,Andre Pallante
668687,Andre Scrubb
592743,Andrelton Simmons
671096,Andrew Abbott
452027,Andrew Albers
674841,Andrew Alvarez
657510,Andrew Bechtold
571479,Andrew Bellatti
643217,Andrew Benintendi
605177,Andrew Chafin
571760,Andrew Heaney
694851,Andrew Hoffmann
687543,Andrew Jenkins
552640,Andrew Kittredge
595284,Andrew Knapp
668800,Andrew Knizner
815069,Andrew Landry
457705,Andrew McCutchen
453192,Andrew Miller
702193,Andrew Morris
677053,Andrew Nardi
685382,Andrew Navigato
687605,Andrew Pinckney
689535,Andrew Pogue
461865,Andrew Romine
685314,Andrew Saalfrank
664057,Andrew Stevenson
572180,Andrew Susac
605498,Andrew Suárez
592811,Andrew Triggs
607755,Andrew Vasquez
683734,Andrew Vaughn
623205,Andrew Velazquez
681003,Andrew Walling
689958,Andrew Walters
681806,Andrew Wantz
670370,Andrew Young
655316,Andruw Monasterio
691402,Andruw Salcedo
691251,Andry Lara
665953,Andrés Chaparro
665926,Andrés Giménez
600921,Andrés Machado
662253,Andrés Muñoz
542992,Andy Burns
628451,Andy Ibáñez
681624,Andy Pages
656008,Aneurys Zabala
683409,Angel Chivilli
681450,Angel Cuenca
692489,Angel Del Rosario
665734,Angel Felipe
682657,Angel Martínez
667373,Angel Rondón
672582,Angel Zerpa
613546,Angelo Castellano
805701,Angelo DiSpigna
546990,Anthony Alford
607455,Anthony Banda
542914,Anthony Bass
621532,Anthony Bemboom
669622,Anthony Bender
621593,Anthony Castro
543101,Anthony DeSclafani
678673,Anthony Escobar
543238,Anthony Gose
689141,Anthony Hall
641743,Anthony Kay
687424,Anthony Maldonado
664948,Anthony Misiewicz
683627,Anthony Molina
802083,Anthony Narvaez
668791,Anthony Prato
543685,Anthony Rendon
519203,Anthony Rizzo
623993,Anthony Santander
678011,Anthony Seigler
461872,Anthony Swarzak
685107,Anthony Veneziano
683011,Anthony Volpe
665733,Antonio Santos
622608,Antonio Senzatela
434671,Aníbal Sánchez
605244,Aramis Garcia
666386,Archer Brookman
605151,Archie Bradley
694200,Ariel Almonte
642558,Ariel Jurado
687677,Arij Fransen
606157,Aristides Aquino
805796,Arjun Nimmala
669137,Armando Alvarez
527055,Arodys Vizcaíno
547973,Aroldis Chapman
605521,Art Warren
592499,Artie Lewicki
452678,Asdrúbal Cabrera
592879,Asher Wojciechowski
623485,Ashton Goudeau
680601,Augusto Calderon
613534,Austin Adams
664119,Austin Allen
605131,Austin Barnes
592169,Austin Brice
827110,Austin Cates
680735,Austin Cox
656354,Austin Davis
621573,Austin Dean
702789,Austin Gauthier
596295,Austin Gomber
669720,Austin Hays
595978,Austin Hedges
685116,Austin Kitchen
668885,Austin Martin
640457,Austin Meadows
543592,Austin Nola
687166,Austin Pope
643493,Austin Pruitt
663586,Austin Riley
519222,Austin Romine
668853,Austin Shenton
596103,Austin Slater
608723,Austin Voth
681810,Austin Warren
669224,Austin Wells
642851,Austin Wynns
801938,Avery Owusu-Asiedu
541645,Avisaíl García
800208,Axiel Plaz
663559,Bailey Falter
690544,Bailey Horn
641927,Bailey Ober
806314,Beau Brewer
689225,Beau Brieske
663366,Beau Burrows
676641,Beau Sulser
607333,Beau Taylor
641386,Ben Bowden
664069,Ben Braymer
676962,Ben Brown
804992,Ben Brutti
676508,Ben Casparius
641512,Ben DeLuzio
805998,Ben Ethridge
592325,Ben Gamel
621294,Ben Heller
690829,Ben Joyce
594902,Ben Lively
809091,Ben Newton
700250,Ben Rice
666163,Ben Rortvedt
594985,Ben Rowen
810938,Ben Williamson
684485,Benjamin Arias
801720,Bennett Flynn
656986,Bennett Sousa
641576,Bernardo Flores
695257,Billy Cook
571740,Billy Hamilton
641856,Billy McKinney
694918,Blade Tidwell
688760,Blaine Crim
543278,Blaine Hardy
663971,Blair Calvo
668874,Blair Henley
664977,Blake Cederlind
694362,Blake Dunn
700183,Blake Holub
453284,Blake Parker
663368,Blake Perkins
666164,Blake Rutherford
666165,Blake Sabol
605483,Blake Snell
642130,Blake Taylor
595014,Blake Treinen
686796,Blake Walston
680604,Blas Castano
677942,Blaze Alexander
676632,Bligh Madris
666182,Bo Bichette
666310,Bo Naylor
676044,Bob Seymour
656252,Bobby Bradley
666915,Bobby Dalbec
676272,Bobby Miller
592833,Bobby Wahl
677951,Bobby Witt
805951,Boston Baro
670102,Bowden Francis
502202,Brad Boxberger
542960,Brad Brach
543272,Brad Hand
641745,Brad Keller
695418,Brad Lord
543543,Brad Miller
502748,Brad Peacock
623364,Brad Wieck
623323,Braden Bishop
668754,Braden Bristo
801078,Braden Davis
669699,Braden Shewmake
699134,Bradgley Rodriguez
687134,Bradley Blalock
605548,Bradley Zimmer
669620,Brady Basso
621399,Brady Feigl
691781,Brady House
802374,Brady Kirtner
621078,Brady Lail
686251,Brady Lindsly
663903,Brady Singer
805634,Braeden Fausnaught
666622,Brailyn Márquez
684049,Brandan Bidois
571858,Branden Kline
669064,Brandon Bailey
702255,Brandon Barriera
474832,Brandon Belt
656232,Brandon Bielak
592165,Brandon Brennan
543063,Brandon Crawford
804698,Brandon Decker
505447,Brandon Dickson
641525,Brandon Dixon
592273,Brandon Drury
685126,Brandon Eisert
676714,Brandon Hughes
445213,Brandon Kintzler
605335,Brandon Leibrandt
663604,Brandon Lockridge
664040,Brandon Lowe
669016,Brandon Marsh
607043,Brandon Nimmo
694297,Brandon Pfaadt
687075,Brandon Sproat
678218,Brandon Valenzuela
663399,Brandon Waddell
687888,Brandon Walter
681449,Brandon White
682227,Brandon Williamson
605540,Brandon Woodruff
519443,Brandon Workman
687064,Brandon Young
825576,Brandt Thompson
805299,Brandyn Garcia
670087,Brandyn Sittinger
676428,Brant Hurter
677952,Braxton Ashcraft
690924,Braxton Fulford
666129,Braxton Garrett
678394,Brayan Bello
677587,Brayan Rocchio
680755,Braydon Fisher
691770,Braylon Bishop
682697,Breidy Encarnacion
669724,Brenan Hanifee
680977,Brendan Donovan
694858,Brendan Girton
663898,Brendan Rodgers
686839,Brendan White
663478,Brendon Davis
663893,Brendon Little
657514,Brennan Bernardino
683005,Brennan Malone
680695,Brennen Davis
680986,Brennen Oxford
691601,Brenny Escanio
828671,Brent Francisco
687396,Brent Headrick
641703,Brent Honeywell
667670,Brent Rooker
608718,Brent Suter
686668,Brenton Doyle
474463,Brett Anderson
682266,Brett Auerbach
686941,Brett Barrera
683146,Brett Baty
518649,Brett Eibner
458731,Brett Gardner
695391,Brett Harris
664028,Brett Kennedy
656685,Brett Martin
621433,Brett Phillips
689355,Brett Roberts
664954,Brett Sullivan
689172,Brett Wisely
676969,Brett de Geus
676551,Brewer Hicklen
591971,Breyvic Valera
605119,Brian Anderson
572821,Brian Dozier
813360,Brian Edgington
571718,Brian Goodwin
675649,Brian Miller
572383,Brian Moran
640459,Brian Navarreto
657434,Brian O'Grady
657247,Brian O'Keefe
661531,Brian Serven
687003,Brian Van Belle
694728,Brice Matthews
668930,Brice Turang
656271,Brock Burke
571788,Brock Holt
592779,Brock Stewart
802544,Brock Vradenburg
689297,Brody Jessee
621259,Brody Koerner
681460,Brooks Baldwin
621139,Brooks Kriske
686797,Brooks Lee
548384,Brooks Raley
669145,Bruce Zimmermann
660813,Brusdar Graterol
650556,Bryan Abreu
641329,Bryan Baker
650559,Bryan De La Cruz
650530,Bryan Garcia
663773,Bryan Hoeing
592407,Bryan Holaday
663542,Bryan Hudson
687911,Bryan King
681526,Bryan Lavastida
571951,Bryan Mitchell
682868,Bryan Ramos
668804,Bryan Reynolds
804858,Bryan Rincon
676614,Bryan Sammons
543766,Bryan Shaw
693433,Bryan Woo
683301,Bryce Arnold
693821,Bryce Elder
805811,Bryce Eldridge
547180,Bryce Harper
687114,Bryce Hubbart
686826,Bryce Jarvis
669369,Bryce Johnson
682243,Bryce Miller
656755,Bryce Montes de Oca
669326,Bryce Teodosio
695425,Bryce Warrecker
690180,Bryce Windham
802408,Brycen Mautz
669060,Bryse Wilson
624417,Bryson Brigman
681082,Bryson Stott
694310,Bryson Ware
696149,Bubba Chandler
605490,Bubba Starling
669352,Bubba Thompson
657745,Bubby Rossman
571656,Buck Farmer
671083,Buddy Kennedy
572143,Burch Smith
457763,Buster Posey
621439,Byron Buxton
543068,C. J. Cron
690217,C. J. Culpepper
546994,C. J. Hinojosa
692216,C. J. Kayfus
667690,C. J. Stubbs
682928,CJ Abrams
680769,CJ Alexander
669310,CJ Van Eyk
694475,Cade Austin
676917,Cade Cavalli
681495,Cade Fergus
806188,Cade Gibson
690990,Cade Horton
687799,Cade Marlowe
700249,Cade Povich
671922,Cade Smith
694696,Cade Smith
685464,Cade Winquest
804645,Caden Connor
702674,Caden Dana
668751,Cal Mitchell
615698,Cal Quantrill
663728,Cal Raleigh
670276,Cal Stevenson
670056,Caleb Baragar
676961,Caleb Boushley
702332,Caleb Durbin
657571,Caleb Ferguson
673965,Caleb Freeman
643348,Caleb Hamilton
543376,Caleb Joseph
668873,Caleb Kilian
592761,Caleb Smith
573204,Caleb Thielbar
676534,Calvin Faucher
682027,Cam Alldred
592135,Cam Bedrosian
592155,Cam Booser
702253,Cam Collier
687478,Cam Devanney
670427,Cam Duzenack
686490,Cam Eden
595956,Cam Gallagher
657611,Cam Hill
676742,Cam Sanders
693645,Cam Schlittler
701358,Cam Smith
664944,Cam Vieaux
457727,Cameron Maybin
666808,Camilo Doval
675986,Canaan Smith-Njigba
605218,Carl Edwards
471911,Carlos Carrasco
807962,Carlos Castillo
621043,Carlos Correa
666126,Carlos Cortes
683364,Carlos Domínguez
679922,Carlos Duran
608032,Carlos Estévez
672578,Carlos Hernández
699115,Carlos Jorge
801739,Carlos Lagrange
676355,Carlos Lomeli
700354,Carlos Marcano
593372,Carlos Martínez
665966,Carlos Narváez
698984,Carlos Pelegrin
542208,Carlos Pérez
656024,Carlos Pérez
692230,Carlos Rodriguez
607074,Carlos Rodón
656004,Carlos Sanabria
467793,Carlos Santana
672841,Carlos Vargas
669387,Carmen Mlodzinski
608334,Carson Fulmer
608348,Carson Kelly
676812,Carson McCusker
687223,Carson Palmquist
804544,Carson Pierce
685068,Carson Ragsdale
693313,Carson Seymour
686730,Carson Spiers
687931,Carson Whisenhunt
700246,Carson Williams
701860,Carter Cunningham
695600,Carter Jensen
815793,Carter Johnson
666198,Carter Kieboom
543391,Casey Kelly
596271,Casey Lawrence
668984,Casey Legumina
663554,Casey Mize
594987,Casey Sadler
669477,Casey Schmitt
624415,Cavan Biggio
678882,Ceddanne Rafaela
656775,Cedric Mullins
800544,Cesar Lares
674913,Chad Castillo
643338,Chad Green
641771,Chad Kuhl
694477,Chad Patrick
640461,Chad Pinder
663385,Chad Smith
656977,Chad Sobotka
677060,Chad Stevens
595453,Chad Wallach
644433,Chadwick Tromp
664856,Chance Adams
642082,Chance Sisco
688837,Chandler Arnold
676882,Chandler Seagle
802415,Chandler Simpson
694537,Channing Austin
805792,Charlee Soto
641779,Charles Leblanc
656212,Charlie Barnes
453568,Charlie Blackmon
518586,Charlie Culberson
450203,Charlie Morton
676801,Chas McCormick
502624,Chase Anderson
695505,Chase Burns
608328,Chase De Jong
801403,Chase Dollander
695445,Chase Lee
702292,Chase Luttrell
805367,Chase Meidroth
695534,Chase Petty
676198,Chase Pinder
702041,Chase Renner
663767,Chase Shugart
681217,Chase Silseth
668664,Chase Strumpf
592741,Chasen Shreve
807410,Chay Yeager
694646,Chayce McDermott
475054,Chaz Roe
596144,Cheslor Cuthbert
592346,Chi Chi González
502042,Chris Archer
605135,Chris Bassitt
448801,Chris Davis
606965,Chris Devenski
595939,Chris Ellis
623167,Chris Flexen
656467,Chris Gittens
815454,Chris Kean
455119,Chris Martin
607391,Chris Mazza
687226,Chris McElvain
687070,Chris Mokma
669684,Chris Murphy
608360,Chris Okey
572008,Chris Owings
663978,Chris Paddack
669735,Chris Rodriguez
676896,Chris Roller
688297,Chris Roycroft
543734,Chris Rusin
519242,Chris Sale
608717,Chris Stratton
621035,Chris Taylor
681808,Chris Vallimont
810102,Chris Veach
680754,Chris Williams
675910,Chris Williams
624414,Christian Arroyo
800875,Christian Becerra
542194,Christian Bethancourt
518568,Christian Colón
687952,Christian Encarnacion-Strand
683766,Christian Koss
547173,Christian Lopes
681306,Christian MacLeod
801216,Christian Montes De Oca
695681,Christian Moore
685005,Christian Roa
815184,Christian Rodriguez
681035,Christian Scott
543877,Christian Vázquez
572233,Christian Walker
592885,Christian Yelich
621514,Christin Stewart
683532,Christopher Familia
687422,Christopher Mauloni
666624,Christopher Morel
642020,Chuckie Robinson
672335,Cionel Pérez
657376,Clarke Schmidt
687867,Clay Dungan
605280,Clay Holmes
677076,Clayton Andrews
690925,Clayton Beeter
693073,Clayton Campbell
477132,Clayton Kershaw
699283,Cleiber Maldonado
672558,Cleiverth Perez
814136,Clevari Tejada
621520,Clint Coulter
640449,Clint Frazier
664697,Cobie Fletcher-Vance
691723,Coby Mayo
815089,Coby Morales
663796,Coco Montes
676051,Codi Heuer
694832,Cody Adcock
641355,Cody Bellinger
675989,Cody Bolton
674003,Cody Bradford
606944,Cody Carroll
683227,Cody Freeman
689520,Cody Laweryson
663752,Cody Morris
664074,Cody Ponce
547001,Cody Poteet
642003,Cody Reed
663944,Cody Roberts
642060,Cody Sedlock
664054,Cody Stashak
642137,Cody Thomas
680963,Cody Wilson
690985,Colby Halter
802418,Colby Holcombe
814508,Colby Martin
694974,Colby Shade
687515,Colby Thomas
430935,Cole Hamels
669371,Cole Henry
608344,Cole Irvin
687243,Cole Kirschsieper
696516,Cole Patten
828497,Cole Peschl
666142,Cole Ragans
663485,Cole Sands
800616,Cole Schoenwetter
642121,Cole Sulser
657061,Cole Tucker
686972,Cole Waites
677961,Cole Wilcox
668390,Cole Winn
702284,Cole Young
813866,Cole Zaffiro
802953,Colin Fields
670059,Colin Holderman
806124,Colin Houck
592567,Colin Moran
621363,Colin Poche
607067,Colin Rea
681882,Colin Selby
806331,Collin Lowe
543521,Collin McHugh
676092,Collin Snider
621079,Collin Wiles
695657,Colson Montgomery
690993,Colt Keith
605155,Colten Brewer
681297,Colton Cowser
676467,Colton Gordon
666213,Colton Welker
813349,Connelly Early
668843,Conner Capel
641632,Conner Greene
669214,Conner Menez
641401,Connor Brogdon
683353,Connor Caskenette
687362,Connor Gillispie
801127,Connor Holden
667442,Connor Hollis
656582,Connor Joe
663731,Connor Kaiser
681393,Connor Norby
683354,Connor O'Halloran
656818,Connor Overton
683175,Connor Phillips
592712,Connor Sadzeck
657756,Connor Seabold
671162,Connor Thomas
657136,Connor Wong
688682,Cooper Bowman
681867,Cooper Criswell
669450,Cooper Hummel
669203,Corbin Burnes
682998,Corbin Carroll
656686,Corbin Martin
572816,Corey Dickerson
687144,Corey Joyce
667452,Corey Julks
446372,Corey Kluber
608349,Corey Knebel
621261,Corey Oswalt
641999,Corey Ray
681468,Corey Rosier
608369,Corey Seager
676265,Cory Abbott
518715,Cory Gearrin
675375,Cory Lewis
518886,Craig Kimbrel
489334,Craig Stammen
684974,Craig Yoho
682725,Cristhian Rodriguez
692490,Cristian Feliz
664299,Cristian Javier
691441,Cristian Mena
665506,Cristian Pache
694184,Cristian Santana
805684,Cristofer Gomez
642657,Cristofer Ogando
650911,Cristopher Sánchez
592200,Curt Casali
678554,Curtis Mead
668954,Curtis Taylor
663799,Curtis Terry
605482,Cy Sneed
514917,César Hernández
693409,César Prieto
527049,César Puello
663967,César Salazar
491624,César Valdez
592637,D. J. Peterson
687792,DJ Herz
597113,DJ Johnson
518934,DJ LeMahieu
656847,DJ Peters
621466,DJ Stewart
669084,DL Hall
680577,DaShawn Keirsey
680118,Dairon Blanco
621290,Dakota Bacus
641712,Dakota Hudson
696282,Dakota Kotowski
689359,Dale Stanavich
572971,Dallas Keuchel
656495,Dalton Guthrie
665138,Dalton Kelly
687221,Dalton Rushing
672777,Dalvin Rosario
671913,Damiano Palmegiani
676103,Damon Jones
656186,Dan Altavilla
547176,Dan Camarena
596129,Dan Vogelbach
595465,Dan Winkler
641540,Dane Dunning
667472,Dane Myers
453268,Daniel Bard
641447,Daniel Castano
684543,Daniel Cope
650960,Daniel Duarte
806413,Daniel Guerra
679702,Daniel Harper
543339,Daniel Hudson
669288,Daniel Johnson
663738,Daniel Lynch
596043,Daniel Mengden
665914,Daniel Montano
502517,Daniel Murphy
596057,Daniel Norris
694037,Daniel Palencia
594953,Daniel Palka
807949,Daniel Perez
594965,Daniel Ponce de Leon
642016,Daniel Robert
621002,Daniel Robertson
682177,Daniel Schneemann
623354,Daniel Zamora
543056,Danny Coulombe
694185,Danny De Andrade
518633,Danny Duffy
643376,Danny Jansen
664901,Danny Mendick
542454,Danny Santana
700673,Danny Wilkinson
664849,Danny Young
621020,Dansby Swanson
807276,Dante Nori
666204,Dany Jiménez
687231,Darell Hernaiz
669742,Darick Hall
829338,Dariel Fregio
573131,Darin Ruf
670241,Darius Vines
628345,Darién Núñez
671117,Darren Baker
670766,Darren McCaughan
503285,Darren O'Day
691811,Darvin Garcia
650382,Darwinzon Hernández
815598,Dasan Hill
641726,Daulton Jefferies
662139,Daulton Varsho
664294,Dauri Moreta
693808,Daury Arias
675915,David Bañuelos
670280,David Bednar
623520,David Bote
571527,David Buchanan
621311,David Dahl
701581,David Festa
664058,David Fletcher
571679,David Freitas
681807,David Fry
571735,David Hale
666152,David Hamilton
682073,David Hensley
605276,David Hess
800124,David Lorduy
676950,David MacKinnon
807968,David Matoma
641853,David McKay
688158,David Morgan
600944,David Paulino
444482,David Peralta
656849,David Peterson
475479,David Phelps
456034,David Price
502085,David Robertson
808818,David Smith
681584,David Villar
669721,Davis Daniel
680463,Davis Feldman
663436,Davis Martin
676914,Davis Schneider
673995,Davis Wendzel
608475,Dawel Lugo
695734,Daylen Lile
683459,Dayro Perez
678226,Daysbel Hernández
663662,Daz Cameron
665152,Dean Kremer
686539,Declan Cronin
673380,Dedniel Núñez
543829,Dee Strange-Gordon
665620,Deivi García
620453,Deivy Grullón
592261,Delino DeShields
476454,Dellin Betances
663770,Demarcus Evans
642701,Dennis Santana
660593,Denyi Reyes
672016,Denzel Clarke
694203,Denzer Guzman
500610,Deolis Guerra
605446,Dereck Rodríguez
682981,Derek Diamond
518618,Derek Dietrich
605233,Derek Fisher
656537,Derek Hill
502706,Derek Holland
571882,Derek Law
684846,Develson Aria
571918,Deven Marrero
808846,Devin Kirby
669471,Devin Mann
656970,Devin Smeltzer
682967,Devin Sweet
642207,Devin Williams
451594,Dexter Fowler
691277,Deyvison De Los Santos
544369,Didi Gregorius
800311,Didier Fuentes
682616,Diego Cartaya
650895,Diego Castillo
660636,Diego Castillo
691897,Diego Gonzalez
699305,Diego Mosquera
699111,Diego Omana
608650,Dietrich Enns
693307,Dillon Dingler
596027,Dillon Maples
596071,Dillon Peters
622253,Dillon Tate
605504,Dillon Thomas
599096,Dilson Herrera
659275,Dinelson Lamet
677690,Diosbel Arias
553988,Dixon Machado
687589,Dom Hamel
694336,Dom Johnson
624513,Dom Nuñez
642758,Domingo Acevedo
593334,Domingo Germán
682445,Domingo Gonzalez
642736,Domingo Leyba
570267,Domingo Santana
593619,Domingo Tapia
686527,Dominic Canzone
666150,Dominic Fletcher
608678,Dominic Leone
641884,Dominic Miroglio
806270,Dominic Perachi
807636,Dominic Scheffler
642086,Dominic Smith
664848,Donny Sands
456781,Donovan Solano
622268,Donovan Walton
680951,Doug Nikhazy
596720,Dovydas Neverauskas
686948,Drake Baldwin
666148,Drake Fellows
623454,Drew Anderson
682183,Drew Avans
460077,Drew Butera
656290,Drew Carlton
656403,Drew Ellis
687551,Drew Gilbert
571800,Drew Hutchison
623515,Drew Jackson
543482,Drew Maggi
686452,Drew Millas
814102,Drew Pestka
519141,Drew Pomeranz
656876,Drew Rasmussen
680723,Drew Rom
691011,Drew Romo
607968,Drew Rucinski
622098,Drew Smith
592767,Drew Smyly
805427,Drew Sommers
608716,Drew Steckenrider
669439,Drew Swift
689672,Drew Thorpe
572403,Drew VerHagen
671221,Drew Waters
686753,Drey Jameson
802357,Drue Hackenberg
621249,Duane Underwood
699911,Dugan Darnell
668752,Duke Ellis
701474,Duncan Davitt
808986,Duque Hebbert
643400,Dusten Knight
641583,Dustin Fowler
572863,Dustin Garneau
687957,Dustin Harris
669160,Dustin May
596105,Dwight Smith
687637,Dylan Beavers
605164,Dylan Bundy
666185,Dylan Carlson
656302,Dylan Cease
669395,Dylan Coleman
592229,Dylan Covey
686611,Dylan Crews
689266,Dylan Dodd
571670,Dylan Floro
815734,Dylan Jasso
669276,Dylan Lee
664238,Dylan Moore
681540,Dylan Neuse
805812,Dylan Questad
681916,Dylan Smith
660650,Dérmis García
687922,Easton Lucas
668834,Easton McGee
592696,Eddie Rosario
657193,Eddy Alvarez
658305,Edgar García
807756,Edgar Moreta
679346,Edgar Navarro
700337,Edgar Quero
650828,Edgar Santana
683618,Edgardo Henriquez
691453,Edgardo Ibarra
702750,Edinson Duran
450172,Edinson Vólquez
624641,Edmundo Sosa
666397,Edouard Julien
660825,Eduard Bazardo
500871,Eduardo Escobar
456488,Eduardo Núñez
593958,Eduardo Rodríguez
674285,Eduardo Salazar
674384,Eduarniel Núñez
666674,Edwar Colina
665795,Edward Cabrera
658668,Edward Olivares
621242,Edwin Díaz
429665,Edwin Encarnación
695835,Edwin Nuñez
621458,Edwin Ríos
670955,Edwin Uceta
666703,Eguy Rosario
501303,Ehire Adrianza
682769,Eiberson Castellano
678973,Eiker Huizi
660707,Elehuris Montero
801796,Eli Jones
669212,Eli Morgan
702501,Eli Serrano
681871,Eli Villalobos
642201,Eli White
700289,Eliander Alcalde
609274,Elier Hernandez
622694,Elieser Hernández
677322,Elijah Birdsong
685313,Elijah Dunham
803252,Eliseo Mota
519303,Elliot Soto
682829,Elly De La Cruz
650391,Eloy Jiménez
660730,Elvin Rodríguez
665660,Elvis Alvarado
462101,Elvis Andrus
665625,Elvis Peguero
553869,Elías Díaz
702708,Emaarion Boyd
676106,Emerson Hancock
466988,Emilio Bonifácio
641941,Emilio Pagán
800484,Eminen Flores
661403,Emmanuel Clase
642629,Emmanuel Ramirez
656896,Emmanuel Rivera
686218,Emmet Sheehan
801207,Emmett Olson
542255,Ender Inciarte
682848,Endy Rodríguez
646241,Enmanuel De Jesus
691927,Enmanuel Terrero
665839,Enmanuel Valdez
660600,Enoli Paredes
571771,Enrique Hernández
660853,Enyel De Los Santos
541640,Erasmo Ramírez
493472,Eric Campbell
606992,Eric Haase
621098,Eric Hanhold
543333,Eric Hosmer
641778,Eric Lauer
677804,Eric Mendez
679358,Eric Orze
827388,Eric Rataczak
696150,Eric Silva
519299,Eric Sogard
657770,Eric Stout
519346,Eric Thames
676572,Eric Wagaman
687066,Eric Yang
642233,Eric Yardley
657272,Erich Uelmen
684081,Erick Brito
602080,Erick Castillo
607200,Erick Fedde
625510,Erick Mejia
570481,Erik González
456124,Erik Kratz
669062,Erik Miller
681870,Erik Sabrowski
657024,Erik Swanson
676391,Ernie Clement
429722,Ervin Santana
699013,Esmerlyn Valdez
703204,Esmith Pineda
805076,Estarlin Escalante
807759,Estarling Mercado
606019,Esteban Quiroz
665923,Esteury Ruiz
664314,Estevan Florial
693732,Estibenzon Jimenez
822490,Ethan Lanthier
681799,Ethan Roberts
826942,Ethan Sloan
663629,Ethan Small
553993,Eugenio Suárez
693759,Euri Montero
683494,Euribiel Angeles
691587,Eury Pérez
694497,Evan Carter
687145,Evan Justice
667478,Evan Kravetz
681885,Evan Lee
446334,Evan Longoria
605359,Evan Marshall
679928,Evan McKendry
623465,Evan Phillips
681895,Evan Sisk
656967,Evan Skoug
681117,Evan Taylor
657108,Evan White
677592,Everson Pereira
677649,Ezequiel Duran
678662,Ezequiel Tovar
806593,Felipe Bello
679350,Felix Negueis
694025,Felix Reyes
472551,Fernando Abad
518585,Fernando Cruz
665487,Fernando Tatís
665154,Ford Proctor
657088,Forrest Wall
666215,Forrest Whitley
656492,Foster Griffin
674287,Frainger Aranguren
664285,Framber Valdez
614173,Franchy Cordero
465041,Francisco Cervelli
596019,Francisco Lindor
642336,Francisco Mejía
672839,Francisco Morales
660906,Francisco Pérez
682626,Francisco Álvarez
692284,Frank Elissalt
681464,Frank German
688507,Frank Nigro
643524,Frank Schwindel
593423,Frankie Montas
620439,Franklin Barreto
800338,Franklin Gomez
642584,Franklyn Kilome
814288,Franly Urena
614177,Franmil Reyes
686642,Fraser Ellard
518692,Freddie Freeman
666023,Freddy Fermin
520471,Freddy Galvis
642547,Freddy Peralta
676206,Freddy Tarnok
700824,Freylin Minyety
642585,Félix Bautista
570240,Félix Peña
656620,Gabe Klobosits
642100,Gabe Speier
683733,Gabriel Aguilera
672356,Gabriel Arias
682858,Gabriel Barbosa
681813,Gabriel Cotto
672515,Gabriel Moreno
694050,Gabriel Reyes
687282,Gabriel Rincones
673394,Gabriel Yanez
804948,Gage Stanifer
669398,Gage Workman
695721,Gage Ziehl
807720,Garret Forrester
670183,Garrett Acton
806634,Garrett Apker
664076,Garrett Cleavinger
643265,Garrett Cooper
676979,Garrett Crochet
641658,Garrett Hampson
682051,Garrett Hill
680729,Garrett McDaniels
669003,Garrett Mitchell
572070,Garrett Richards
676881,Garrett Schoenle
596117,Garrett Stubbs
676477,Garrett Whitlock
596142,Gary Sánchez
668970,Gavin Hollowell
666158,Gavin Lux
657757,Gavin Sheets
694813,Gavin Stone
668909,Gavin Williams
664129,Geoff Hartlieb
687280,Geoffrey Gilbert
669923,George Kirby
806146,George Lombard
666277,George Soriano
543807,George Springer
671655,George Valera
672695,Geraldo Perdomo
467827,Gerardo Parra
622103,Gerardo Reyes
608566,Germán Márquez
543037,Gerrit Cole
642520,Gerson Garabito
642575,Gerson Moreno
519317,Giancarlo Stanton
807625,Gilberto Batista
665482,Gilberto Celestino
461829,Gio Gonzalez
570482,Gio Urshela
606149,Giovanny Gallegos
657248,Glenn Otto
687426,Glenn Santiago
642098,Glenn Sparkman
650402,Gleyber Torres
700669,Gordon Graceffo
641741,Gosuke Katoh
666197,Grae Kessinger
668933,Graham Ashcraft
688363,Graham Pauley
681982,Grant Anderson
594795,Grant Dayton
701643,Grant Hartwig
680880,Grant Holman
656550,Grant Holmes
667428,Grant Koch
687529,Grant McCray
691799,Grant Taylor
664991,Grant Wolfram
606988,Grayson Greiner
680570,Grayson Rodriguez
806362,Grayson Thurman
656185,Greg Allen
681888,Greg Cullen
656364,Greg Deichmann
594824,Greg Garcia
518813,Greg Holland
675659,Greg Jones
669711,Greg Weissert
682284,Gregoris Chalas
691625,Gregory Duran
570256,Gregory Polanco
666619,Gregory Santos
642397,Gregory Soto
700356,Greiber Mendez
656288,Griffin Canning
665052,Griffin Conine
643377,Griffin Jax
628338,Guillermo Heredia
670871,Guillo Zuñiga
683002,Gunnar Henderson
680684,Gunnar Hoglund
686763,Gunner Mayer
694964,Gus Hughes
681402,Gus Varland
672569,Gustavo Campero
650893,Génesis Cabrera
673490,Ha-Seong Kim
668470,Hagen Danner
684516,Hancel Rincon
668968,Hans Crouse
694215,Hans Montero
570663,Hansel Robles
593643,Hanser Alberto
605612,Harold Castro
623912,Harold Ramírez
664056,Harrison Bader
695461,Harrison Spohn
695670,Harry Ford
676902,Harry Rutkowski
806185,Hayden Birdsong
802686,Hayden Harris
675296,Hayden Merda
688354,Hayden Minton
663584,Hayden Senger
669713,Hayden Wesneski
592390,Heath Hembree
660431,Hector Perez
671218,Heliot Ramos
680779,Henry Davis
683510,Henry Gomez
700649,Henry Lalane
592656,Henry Ramos
672950,Henry Valencio
681715,Heriberto Hernandez
541650,Hernán Pérez
677008,Heston Kjerstad
617228,Hirokazu Sawamura
665048,Hobie Harris
571948,Hoby Milner
663687,Hogan Harris
695366,Holt Jones
456701,Homer Bailey
804546,Hoss Brewer
435062,Howie Kendrick
660829,Hoy Park
623211,Huascar Brazobán
660623,Huascar Ynoa
681370,Hudson Haskin
680893,Huey Morrill
600858,Humberto Arteaga
528748,Humberto Castellanos
650668,Humberto Mejía
800213,Hung-Leng Chang
682995,Hunter Barco
685801,Hunter Bigge
666183,Hunter Bishop
686613,Hunter Brown
690928,Hunter Dobbins
641531,Hunter Dozier
676439,Hunter Feduccia
683769,Hunter Gaddis
696100,Hunter Goodman
668881,Hunter Greene
640451,Hunter Harvey
702119,Hunter Hayes
808788,Hunter Hodges
804592,Hunter Hoopes
670462,Hunter Owen
452254,Hunter Pence
592669,Hunter Renfroe
667663,Hunter Stovall
676702,Hunter Stratton
519326,Hunter Strickland
621056,Hunter Wood
694462,Hurston Waldrep
660365,Hyeon-jong Yang
808975,Hyeseong Kim
547943,Hyun Jin Ryu
593576,Héctor Neris
699302,Héctor Rodríguez
444468,Héctor Rondón
502327,Héctor Santiago
666120,Ian Anderson
686657,Ian Churchill
664139,Ian Gibaut
641656,Ian Hamilton
664023,Ian Happ
453178,Ian Kennedy
571871,Ian Krol
691588,Ian Lewis
693855,Ian Seymour
692829,Ignacio Briceno
545121,Ildemaro Vargas
800308,Inmer Lobo
691774,Irv Carter
685829,Irvin Machuca
806522,Irving Cota
676761,Irving Lopez
686555,Isaac Collins
676755,Isaac Mattson
670623,Isaac Paredes
663462,Isaiah Campbell
656371,Isan Díaz
656462,Isiah Gilliam
643396,Isiah Kiner-Falefa
672832,Israel Pineda
622668,Ivan Castillo
813676,Ivran Romero
671056,Iván Herrera
467100,Iván Nova
809100,Ixan Henderson
457918,J. A. Happ
656266,J. B. Bukauskas
605525,J. B. Wendelken
641555,J. C. Escarra
683330,J. C. Masson
650496,J. C. Mejía
605204,J. D. Davis
670456,J. D. Hammer
502110,J. D. Martinez
656695,J. J. Matijevic
641487,J. P. Crawford
656420,J. P. Feyereisen
641585,J. P. France
679881,J. P. Martínez
685364,J. P. Massey
571974,J. R. Murphy
608638,J. T. Chargois
822950,J. T. Etheridge
669372,J. T. Ginn
592663,J. T. Realmuto
668709,JJ Bleday
803039,JJ Sanchez
656943,JJ Schwarz
676664,JP Sears
664141,JT Brubaker
595375,JT Riddle
592444,JaCoby Jones
695506,Jac Caglianone
605240,Jace Fry
690291,Jace Jung
607054,Jace Peterson
806585,Jack Dallas
676263,Jack Dreyer
828749,Jack Eshleman
701469,Jack Findlay
656427,Jack Flaherty
686282,Jack Gowen
686799,Jack Kochanowicz
677223,Jack Larsen
683004,Jack Leiter
669193,Jack Little
688757,Jack Lynch
605346,Jack López
608686,Jack Mayfield
694380,Jack Moss
680891,Jack Neely
804665,Jack Noble
672552,Jack O'Loughlin
678022,Jack Perkins
667652,Jack Ralston
694662,Jack Sokol
669261,Jack Suwinski
676466,Jack Winkler
598265,Jackie Bradley
814431,Jackson Castillo
694192,Jackson Chourio
687714,Jackson Cluff
690977,Jackson Fristoe
703104,Jackson Hicks
702616,Jackson Holliday
695549,Jackson Jobe
663804,Jackson Kowar
701538,Jackson Merrill
671131,Jackson Rutledge
623451,Jackson Stephens
676194,Jackson Tetreault
680232,Jackson Wolf
676070,Jacob Amaya
606930,Jacob Barnes
669436,Jacob Heatherly
674441,Jacob Hurtubise
801881,Jacob Jenkins-Cowart
827526,Jacob Kisting
656641,Jacob Latz
621082,Jacob Lemoine
682052,Jacob Lopez
689200,Jacob Melton
702571,Jacob Miller
694819,Jacob Misiorowski
641924,Jacob Nottingham
702544,Jacob Reimer
615699,Jacob Robson
607732,Jacob Stallings
621097,Jacob Waguespack
657097,Jacob Webb
607111,Jacob Wilson
805779,Jacob Wilson
696285,Jacob Young
594798,Jacob deGrom
695276,Jacoby Long
677955,Jaden Hill
701437,Jaden Rudd
663330,Jahmai Jones
642545,Jaime Barría
665856,Jair Camargo
545064,Jairo Díaz
683568,Jairo Iriarte
666906,Jake Alu
453562,Jake Arrieta
641343,Jake Bauers
656234,Jake Bird
814005,Jake Bloss
641394,Jake Brentz
694860,Jake Brooks
669394,Jake Burger
595909,Jake Cave
664776,Jake Cousins
630105,Jake Cronenworth
691939,Jake DeLeo
518617,Jake Diekman
671109,Jake Eder
801619,Jake Faherty
607188,Jake Faria
670288,Jake Fishman
641584,Jake Fraley
606993,Jake Hager
663977,Jake Higginbotham
663623,Jake Irvin
657228,Jake Jewell
571875,Jake Lamb
663968,Jake Mangum
545350,Jake Marisnick
664983,Jake McCarthy
459429,Jake McGee
676694,Jake Meyers
805725,Jake Miller
623470,Jake Newberry
669738,Jake Noll
543606,Jake Odorizzi
669449,Jake Palisch
502593,Jake Petricka
596082,Jake Reed
668670,Jake Rogers
676595,Jake Scheiner
827620,Jake Shirk
670237,Jake Slaughter
673904,Jake Walsh
673858,Jake Wong
663765,Jake Woodford
828471,Jakob Hall
596001,Jakob Junis
805300,Jakob Marsee
656883,Jakson Reetz
656222,Jalen Beeks
630263,James Bourque
624586,James Hoyt
621076,James Kaprielian
675916,James Karinchak
663704,James McArthur
543510,James McCann
703231,James Meeker
664942,James Naile
656803,James Norwood
681546,James Outman
572020,James Paxton
572021,James Pazos
642073,James Sherfy
695578,James Wood
592791,Jameson Taillon
642197,Jamie Westbrook
676857,Jancarlos Cintron
594311,Jandel Gustave
676083,Janson Junk
642220,Jantzen Witte
592419,Jared Hoying
453172,Jared Hughes
683003,Jared Jones
657649,Jared Koenig
805723,Jared Lyons
666931,Jared Oliva
680764,Jared Poland
691858,Jared Serna
694363,Jared Shuster
676660,Jared Solomon
669707,Jared Triolo
665120,Jared Walsh
695244,Jared Wetherbee
676724,Jared Young
606424,Jarlín García
672284,Jarred Kelenic
680776,Jarren Duran
806337,Jarret Whorff
502481,Jarrod Dyson
687749,Jase Bowen
592094,Jason Adam
669920,Jason Alexander
488771,Jason Castro
641511,Jason Delay
822503,Jason Doktorczyk
671345,Jason Foley
518792,Jason Heyward
543401,Jason Kipnis
607249,Jason Krizan
641829,Jason Martin
691013,Jason Savacool
613564,Jason Vosler
691176,Jasson Domínguez
813891,Jatnk Diaz
694495,Javen Coleman
665871,Javier Assad
595879,Javier Báez
691922,Javier Rivas
691594,Javier Sanoja
642770,Javy Guerra
457915,Javy Guerra
680890,Jax Biggers
457803,Jay Bruce
664852,Jay Flaa
543351,Jay Jackson
700849,Jay Schueler
681151,Jayden Murray
692838,Jaydenn Estanista
664041,Jaylin Davis
682144,Jayvien Sandridge
665862,Jazz Chisholm
691893,Jean Cabrera
800463,Jean Joseph
516416,Jean Segura
701370,JeanPierre Ortiz
476704,Jed Lowrie
576397,Jedd Gyorko
656257,Jeff Brigham
676105,Jeff Criswell
656546,Jeff Hoffman
689167,Jeff Lindgren
425772,Jeff Mathis
643446,Jeff McNeil
502188,Jeff Samardzija
605488,Jeffrey Springs
800251,Jeffry Rosa
691645,Jefrey De Los Santos
622446,Jefry Rodríguez
600869,Jeimer Candelario
595191,Jerad Eickhoff
691926,Jeral Toledo
666464,Jerar Encarnacion
669093,Jeremiah Estrada
669236,Jeremiah Jackson
676886,Jeremy Beasley
502026,Jeremy Jeffress
665161,Jeremy Peña
650339,Jermaine Palacios
592145,Jesse Biddle
445926,Jesse Chavez
534910,Jesse Hahn
669947,Jesse Scholtens
608385,Jesse Winker
800305,Jesus Baez
699018,Jesus Clode
672911,Jesus Cruz
698929,Jesus Hernandez
683679,Jesus Rodriguez
542583,Jesús Aguilar
665846,Jesús Bastidas
666200,Jesús Luzardo
660821,Jesús Sánchez
622786,Jesús Tinoco
669023,Jeter Downs
702518,Jett Williams
544727,Jeurys Familia
605194,Jharel Cotton
661395,Jhoan Durán
664584,Jhon Romero
646242,Jhonathan Díaz
698934,Jhoniel Serrano
678877,Jhonkensy Noel
640902,Jhonny Pereda
666745,Jhony Brito
691373,Jhostynxon Garcia
468504,Jhoulys Chacín
678225,Ji Hwan Bae
596847,Ji Man Choi
805347,Jim Jarvis
622772,Jimmy Cordero
699625,Jimmy Crooks
623474,Jimmy Herget
676939,Jimmy Herron
669424,Jimmy Lambert
519076,Jimmy Nelson
642231,Jimmy Yacabonis
691829,Jiorgeny Casimiri
666176,Jo Adell
668941,JoJo Romero
465657,Joakim Soria
672851,Joan Adon
592626,Joc Pederson
669618,Joe Barlow
607352,Joe Biagini
671212,Joe Boyle
656388,Joe Dunand
642840,Joe Harvey
621529,Joe Hudson
682175,Joe Jacques
641729,Joe Jiménez
523260,Joe Kelly
686747,Joe La Sorsa
573009,Joe Mantiply
663411,Joe McCarthy
701464,Joe Miller
605397,Joe Musgrove
643478,Joe Palumbo
605412,Joe Panik
669309,Joe Perez
666143,Joe Rizzo
697812,Joe Rock
605452,Joe Ross
809898,Joe Ruzicka
657746,Joe Ryan
501925,Joe Smith
699309,Joel Díaz
669270,Joel Kuhnel
606303,Joel Payamps
666711,Joel Peguero
570257,Joely Rodríguez
663698,Joey Bart
676282,Joey Cantillo
683155,Joey Estes
608336,Joey Gallo
680702,Joey Gerber
607216,Joey Krehbiel
694388,Joey Loperfido
664192,Joey Lucchesi
608841,Joey Meneses
680765,Joey Murray
687401,Joey Ortiz
572073,Joey Rickard
458015,Joey Votto
621563,Joey Wendle
666214,Joey Wentz
686894,Joey Wiemer
622666,Johan Camargo
670912,Johan Oviedo
629498,Johan Quezada
679032,Johan Rojas
696059,Johan Simon
607430,John Andreoli
446099,John Axford
605154,John Brebbia
800476,John Cruz
595928,John Curtiss
607231,John Gant
543308,John Hicks
667463,John King
669111,John McMillon
607644,John Means
596056,John Nogowski
670231,John Rave
680701,John Rooney
670167,John Schreiber
670251,John Wilson
801333,Johnathan Harmon
702300,Johnathan Lavallee
671286,Johnathan Rodríguez
641561,Johneshwy Fargas
456501,Johnny Cueto
542932,Jon Berti
641541,Jon Duplantier
592351,Jon Gray
445055,Jon Jay
452657,Jon Lester
572138,Jon Singleton
681146,Jonah Bride
641680,Jonah Heim
802373,Jonah Hurney
804636,Jonah Tong
682729,Jonatan Clase
666018,Jonathan Aranda
660620,Jonathan Araúz
642834,Jonathan Bermúdez
680742,Jonathan Bowlan
686563,Jonathan Cannon
641505,Jonathan Davis
669169,Jonathan Heasley
642546,Jonathan Hernández
656547,Jonathan Holder
663697,Jonathan India
642528,Jonathan Loáisiga
518960,Jonathan Lucroy
664966,Jonathan Morales
680716,Jonathan Ornelas
686402,Jonathan Petit
702752,Jonathan Pintaro
570731,Jonathan Schoop
828716,Jonathan Stevens
680692,Jonathan Stiever
542340,Jonathan Villar
807835,Jonawel Valdez
806430,Jonh Henriquez
676356,Jonny DeLuca
678391,Jorbit Vivas
666364,Jordan Balazovic
687597,Jordan Beck
703103,Jordan Carr
672478,Jordan Diaz
805301,Jordan Dissin
676821,Jordan Fowler
677954,Jordan Groshans
663855,Jordan Hicks
656548,Jordan Holloway
691783,Jordan Lawlar
673929,Jordan Leasure
656669,Jordan Luplow
543475,Jordan Lyles
671960,Jordan Marks
696291,Jordan McCants
656756,Jordan Montgomery
605447,Jordan Romano
642068,Jordan Sheffield
701833,Jordan Viars
691023,Jordan Walker
607179,Jordan Weems
676059,Jordan Westburg
696136,Jordan Wicks
657141,Jordan Yamamoto
519455,Jordan Zimmermann
679025,Jordi Martinez
802742,Jordy Luciano
474568,Jordy Mercer
677941,Jordyn Adams
687567,Jorel Ortega
660896,Jorge Alcalá
595751,Jorge Alfaro
678489,Jorge Barrosa
593528,Jorge Bonifacio
672850,Jorge Caballero
700305,Jorge De Leon
660422,Jorge Guzmán
605347,Jorge López
622761,Jorge Mateo
671250,Jorge Oña
593871,Jorge Polanco
685729,Jorge Ramos
624585,Jorge Soler
800423,Jorger Petri
622700,Jose Chávez
692030,Jose Corniell
692369,Jose Davila
682627,Jose De La Cruz
681631,Jose Diaz
664744,Jose Espada
678606,Jose Ferrer
699010,Jose Garces
669796,Jose Hernandez
578428,Jose Iglesias
815278,Jose Miguel Rodriguez
800017,Jose Montero
699276,Jose Olivares
500779,Jose Quintana
692027,Jose Sanabria
624431,Jose Trevino
683165,Joseph King
680749,Joseph Menefee
641929,Joseph Odom
605137,Josh Bell
810840,Josh Blum
800857,Josh Bortka
677007,Josh Breaux
518626,Josh Donaldson
694795,Josh Ekness
676596,Josh Fleming
701056,Josh Grosz
623352,Josh Hader
543281,Josh Harrison
657624,Josh James
673962,Josh Jung
688460,Josh Kasevich
623507,Josh Lester
458676,Josh Lindblom
700380,Josh Loeschorn
666139,Josh Lowe
656671,Josh Maciejewski
656766,Josh Morgan
647304,Josh Naylor
592612,Josh Osich
572033,Josh Phegley
695620,Josh Randall
502210,Josh Reddick
687069,Josh Rivera
642028,Josh Rogers
668942,Josh Rojas
622250,Josh Sborz
681006,Josh Simpson
595001,Josh Smith
605479,Josh Smith
669701,Josh Smith
622251,Josh Staumont
657031,Josh Taylor
458708,Josh Tomlin
642165,Josh VanMeter
677020,Josh Walker
670174,Josh Winckowski
680739,Josh Winder
658069,Joshua Fuentes
641943,Joshua Palacios
680686,Josiah Gray
700648,Josue Gonzalez
547989,José Abreu
514888,José Altuve
621237,José Alvarado
640492,José Azocar
676480,José Barrero
621244,José Berríos
593993,José Briceño
676130,José Buttó
676609,José Caballero
620454,José Castillo
542585,José Cisnero
621016,José Cuas
592254,José De León
672701,José Devers
820862,José Fermin
665877,José Fermín
608422,José Godoy
684872,José Hernández
645444,José Herrera
600917,José Leclerc
446653,José Lobatón
673111,José Lopez
592530,José Marmolejos
665896,José Marte
500874,José Martínez
669304,José Miranda
620445,José Mujica
591741,José Osuna
606299,José Peraza
650671,José Quijada
608070,José Ramírez
642578,José Rodríguez
670351,José Rojas
602922,José Rondón
614179,José Ruiz
642350,José Siri
667755,José Soriano
660761,José Suarez
677588,José Tena
570632,José Ureña
664353,José Urquidy
501625,José Álvarez
663558,Jovani Morán
699304,Juan Arnaud
686228,Juan Burgos
801275,Juan De La Cruz
492802,Juan Graterol
501571,Juan Lagares
700288,Juan Martinez
675848,Juan Mejia
695996,Juan Mendez
804974,Juan Mercedes
573668,Juan Minaya
666661,Juan Morillo
504379,Juan Nicasio
702418,Juan Reynoso
665742,Juan Soto
672730,Juan Then
660766,Juan Yepez
806666,Juanmi Vasquez
687924,Julian Aguiar
669343,Julian Bosnic
642759,Julian Fernández
657240,Julian Merryweather
691083,Julio Bonilla
694040,Julio Dilone
801249,Julio Mendez
683650,Julio Ortiz
677594,Julio Rodríguez
527054,Julio Teherán
628711,Julio Urías
808982,Jung Hoo Lee
578570,Juniel Querecuto
691406,Junior Caminero
658551,Junior Fernández
448855,Junior Guerra
691265,Junior Sanchez
595777,Jurickson Profar
605121,Justin Anderson
677865,Justin Bruihl
702222,Justin Crawford
681909,Justin Dean
643290,Justin Dunn
681948,Justin Evans
686607,Justin Fall
679822,Justin Foscue
621057,Justin Garza
518748,Justin Grimm
663795,Justin Hagenman
694367,Justin Lange
664875,Justin Lawrence
679885,Justin Martinez
502522,Justin Miller
596101,Justin Shafer
686580,Justin Slaten
475253,Justin Smoak
657006,Justin Steele
686993,Justin Sterner
682109,Justin Toerner
623437,Justin Topa
457759,Justin Turner
457708,Justin Upton
434378,Justin Verlander
642211,Justin Williams
458677,Justin Wilson
680736,Justin Wrobleski
657144,Justin Yurchak
656954,Justus Sheffield
669234,Justyn-Henry Malloy
664789,Ka'ai Tom
688540,Kade Bragg
669704,Kade Strowd
678906,Kai-Wei Teng
806262,Kaiden Wilson
672391,Kaleb Ort
670224,Kameron Misner
669716,Kamron Willman
801740,Karell Paz
666154,Karl Kauffmann
703596,Karson Milbrandt
663647,Ke'Bryan Hayes
642221,Kean Wong
676775,Keaton Winn
669211,Keegan Akin
624522,Keegan Thompson
660688,Keibert Ruiz
672456,Keider Montero
700731,Keiner Delgado
700296,Keiner Leon
694989,Kelena Sauer
687005,Kellen Strahm
680983,Kelvin Cáceres
642721,Kelvin Gutiérrez
516969,Kelvin Herrera
692487,Kelvin Perez
808383,Kelvis Salcedo
571704,Ken Giles
686610,Ken Waldichuk
608665,Kendall Graveman
696070,Kendry Rojas
685744,Kenedy Corona
445276,Kenley Jansen
670046,Kenny Rosenberg
592288,Kent Emanuel
628317,Kenta Maeda
695761,Kenya Huggins
605309,Keone Kela
681481,Kerry Carpenter
665645,Kervin Castro
682775,Kervin Pichardo
669374,Keston Hiura
606466,Ketel Marte
622492,Keury Mella
607345,Kevan Smith
674265,Kevin Abel
682634,Kevin Alcántara
605196,Kevin Cron
592332,Kevin Gausman
656464,Kevin Ginkel
643361,Kevin Herget
687330,Kevin Kelly
595281,Kevin Kiermaier
641838,Kevin McCarthy
805808,Kevin McGonigle
806656,Kevin Miranda
621028,Kevin Newman
656821,Kevin Padlo
607680,Kevin Pillar
608700,Kevin Plawecki
534812,Kevin Quackenbush
675656,Kevin Smith
692944,Kevin Villavicencio
641871,Keynan Middleton
701590,Khal Stephen
666137,Khalil Lee
501981,Khris Davis
669912,Kirby Snead
489446,Kirby Yates
668948,Kirk McCarty
693805,Kliubert Avila
673540,Kodai Senga
676831,Kodi Whitley
665019,Kody Clemens
681892,Kody Funderburk
682210,Kody Hoese
685503,Kohei Arihara
640464,Kohl Stewart
663465,Kolby Allard
594777,Kole Calhoun
543939,Kolten Wong
688427,Kolton Ingram
592831,Konner Wade
680089,Konnor Ash
663455,Konnor Pilkington
686676,Korey Lee
670298,Kramer Robertson
592178,Kris Bryant
663460,Kris Bubic
692225,Kristian Campbell
690603,Kristófer Bow
677958,Kumar Rocker
435559,Kurt Suzuki
676710,Kutter Crawford
547942,Kwang Hyun Kim
681066,Ky Bush
679775,Kyle Backhus
607457,Kyle Barraclough
680694,Kyle Bradish
621129,Kyle Cody
605195,Kyle Crick
675971,Kyle Dohy
664871,Kyle Dowdy
571657,Kyle Farmer
640448,Kyle Finnegan
607536,Kyle Freeland
608335,Kyle Funkhouser
664247,Kyle Garlick
502043,Kyle Gibson
690986,Kyle Harrison
606996,Kyle Hart
543294,Kyle Hendricks
543309,Kyle Higashioka
664060,Kyle Holder
669165,Kyle Hurt
664728,Kyle Isbel
675781,Kyle Jones
691720,Kyle Karros
664918,Kyle Keller
681517,Kyle Leahy
641786,Kyle Lewis
543456,Kyle Lobstein
700932,Kyle Manzardo
668832,Kyle McCann
641851,Kyle McGowin
666205,Kyle Muller
669459,Kyle Nelson
693312,Kyle Nicolas
594986,Kyle Ryan
686619,Kyle Schmidt
656941,Kyle Schwarber
572122,Kyle Seager
669065,Kyle Stowers
691019,Kyle Teel
663656,Kyle Tucker
667725,Kyle Tyler
657140,Kyle Wright
622092,Kyle Zimmer
677347,Kyren Paris
677928,LJ Hatch
663544,LJ Talley
664774,LaMonte Wade
679712,Lael Lockhart
669199,Lake Bachar
458681,Lance Lynn
621121,Lance McCullers
805793,Landen Maroudis
694738,Landen Roupp
689017,Landon Knack
814280,Landon Tomkins
682010,Lane Ramsey
657041,Lane Thomas
663457,Lars Nootbaar
671732,Lawrence Butler
650528,Laz Rivera
682844,Lazaro Benitez
681751,Lazaro Estrada
801461,Leam Mendez
660681,Leandro Cedeno
672820,Lenyn Sosa
677870,Leo Jimenez
660844,Leo Rivas
665750,Leody Taveras
800320,Leonel Sequera
544725,Leury García
682119,Levi Jordan
686651,Levi Stoudt
694370,Levi Wells
650331,Lewin Díaz
621446,Lewis Brinson
626929,Lewis Thorpe
521230,Liam Hendriks
689414,Liam Hicks
814557,Liam Rocha
801737,Liomar Martinez
678894,Liover Peguero
670869,Livan Soto
664714,Ljay Newsome
657766,Locke St. John
663531,Logan Allen
671106,Logan Allen
828603,Logan Berrier
669722,Logan Davidson
686482,Logan Driscoll
688138,Logan Evans
523253,Logan Forsythe
669302,Logan Gilbert
670810,Logan Gillaspie
701656,Logan Henderson
489149,Logan Morrison
681351,Logan O'Hoppe
682515,Logan Porter
689912,Logan Van Treeck
701121,Logan VanWey
657277,Logan Webb
681315,Logan Whitaker
456715,Lorenzo Cain
661411,Lorenzo Cedrola
815694,Lou Albrecht
642152,Lou Trivino
545343,Louis Head
686973,Louis Varland
666971,Lourdes Gurriel
678215,Luarbert Arias
827640,Lucas Elissalt
668674,Lucas Erceg
656458,Lucas Gilbreath
608337,Lucas Giolito
476595,Lucas Luetge
608371,Lucas Sims
665650,Lucius Fox
679883,Luinder Avila
642772,Luis Alexander Basabe
700728,Luis Arejula
650333,Luis Arráez
501593,Luis Avilán
642456,Luis Barrera
669134,Luis Campusano
622491,Luis Castillo
622379,Luis Castillo
570666,Luis Cessa
664351,Luis Contreras
681168,Luis Curvelo
806927,Luis De La Cruz
665782,Luis De Los Santos
666818,Luis Frías
472610,Luis García
677651,Luis García
671277,Luis García
703725,Luis Gastelum
661563,Luis Gil
670768,Luis González
692285,Luis Guerrero
641645,Luis Guillorme
642451,Luis Liberato
606336,Luis Marté
682641,Luis Matos
665622,Luis Medina
682825,Luis Mey
806960,Luis Morales
656814,Luis Ortiz
682847,Luis Ortiz
665854,Luis Oviedo
672715,Luis Patiño
678821,Luis Peralta
606131,Luis Perdomo
650859,Luis Rengifo
699105,Luis Reyes
673357,Luis Robert
702436,Luis Serna
622663,Luis Severino
620443,Luis Torrens
649966,Luis Urías
677605,Luis Verdugo
676679,Luis Vázquez
682668,Luisangel Acuña
572703,Luke Bard
673316,Luke Barker
687259,Luke Bell
666124,Luke Berryhill
608652,Luke Farrell
688780,Luke Gold
695705,Luke Holman
592426,Luke Jackson
807712,Luke Keaschall
681432,Luke Little
571912,Luke Maile
670042,Luke Raley
814477,Luke Stofel
572228,Luke Voit
596133,Luke Weaver
663897,Luke Williams
663609,Luken Baker
650347,Luís Madero
680689,Lyon Richardson
669004,MJ Melendez
669135,Mac Sceroler
669022,MacKenzie Gore
806368,Maddux Houghton
518516,Madison Bumgarner
694365,Magdiel Cotto
642423,Magneuris Sierra
596748,Maikel Franco
672580,Maikel García
605480,Mallex Smith
694216,Malvin Valdez
544365,Manny Banuelos
518435,Manny Barreda
592518,Manny Machado
444489,Manny Piña
694202,Manuel Beltre
808510,Manuel Genao
622534,Manuel Margot
655889,Manuel Rodríguez
691456,Manuel Sequera
687847,Marc Church
542303,Marcell Ozuna
691785,Marcelo Mayer
594835,Marco Gonzales
672380,Marco Jimenez
682617,Marco Luciano
694397,Marco Raya
804614,Marco Vargas
676203,Marcos Castañon
691988,Marcos De La Rosa
650959,Marcos Diplán
672733,Marcos Gonzalez
543760,Marcus Semien
573186,Marcus Stroman
519393,Marcus Walden
657129,Marcus Wilson
807814,Mariano Salomon
666128,Mario Feliciano
571446,Mark Appel
592192,Mark Canha
696501,Mark Coley
676628,Mark Contreras
656627,Mark Kolozsvary
643410,Mark Leiter
664029,Mark Mathias
453343,Mark Melancon
592622,Mark Payton
668901,Mark Vientos
664753,Marty Costes
455117,Martín Maldonado
527048,Martín Pérez
503556,Marwin González
547888,Masahiro Tanaka
807799,Masataka Yoshida
686930,Mason Barnett
696131,Mason Black
826314,Mason Burns
669438,Mason Englert
689254,Mason Fluharty
669200,Mason McCoy
695243,Mason Miller
682254,Mason Montgomery
680900,Mason Pelio
666168,Mason Thompson
592863,Mason Williams
691026,Masyn Winn
571431,Matt Adams
700400,Matt Ager
805862,Matt Alifano
682929,Matt Allan
542882,Matt Andriese
598264,Matt Barnes
607461,Matt Beaty
571510,Matt Boyd
666374,Matt Brash
456713,Matt Bush
571539,Matt Carasiti
572761,Matt Carpenter
656305,Matt Chapman
571602,Matt Davidson
571616,Matt Dermody
622110,Matt Duffy
670036,Matt Festa
641582,Matt Foster
814290,Matt Gabbert
657424,Matt Gage
676769,Matt Givin
685301,Matt Gorski
594840,Matt Grace
664180,Matt Hall
518774,Matt Harvey
459964,Matt Joyce
702046,Matt Keating
461314,Matt Kemp
571863,Matt Koch
640454,Matt Krook
543483,Matt Magill
666159,Matt Manning
680574,Matt McLain
670223,Matt Mervis
519043,Matt Moore
621566,Matt Olson
676840,Matt Peacock
608703,Matt Reynolds
669422,Matt Sauer
807713,Matt Shaw
533167,Matt Shoemaker
621381,Matt Strahm
694335,Matt Svanson
664161,Matt Swarmer
642136,Matt Thaiss
663837,Matt Vierling
663362,Matt Waldron
670242,Matt Wallner
675662,Matt Whatley
446308,Matt Wieters
605538,Matt Wisler
676946,Matthew Batten
621199,Matthew Bowman
669461,Matthew Liberatore
683090,Matthew Lugo
643289,Mauricio Dubón
661440,Mauricio Llovera
668974,Maverick Handley
681294,Max Alba
666721,Max Castillo
703601,Max Clark
681132,Max Ferguson
608331,Max Fried
676055,Max Green
596146,Max Kepler
668820,Max Kranick
676661,Max Lazar
676974,Max Meyer
621559,Max Moroff
571970,Max Muncy
691777,Max Muncy
691008,Max Rajcic
453286,Max Scherzer
621011,Max Schrock
680474,Max Schuemann
545358,Max Stassi
691185,Maximo Acosta
685326,McCade Brown
686842,McKinley Moore
650619,Meibrys Viloria
518876,Merrill Kelly
687588,Micah Pries
683522,Michael Arias
488726,Michael Brantley
683737,Michael Busch
828511,Michael Caldon
656289,Michael Cantu
827625,Michael Carpenter
656308,Michael Chavis
624424,Michael Conforto
690382,Michael Darrell-Hicks
593140,Michael Feliz
605242,Michael Fulmer
669377,Michael Gigliotti
675627,Michael Grove
671739,Michael Harris
680737,Michael Helman
641684,Michael Hermosillo
547184,Michael Kelly
656629,Michael Kopech
547179,Michael Lorenzen
592527,Michael Mariot
686681,Michael Massey
700241,Michael McGreevy
675650,Michael Mercado
657709,Michael Papierski
805872,Michael Perez
656848,Michael Petersen
501381,Michael Pineda
674681,Michael Plassmeyer
605421,Michael Pérez
828374,Michael Ross
621074,Michael Rucker
672279,Michael Siani
688617,Michael Snyder
647336,Michael Soroka
683021,Michael Stefanic
572191,Michael Taylor
669911,Michael Toglia
543859,Michael Tonkin
608379,Michael Wacha
828594,Michael Watson
673258,Michel Báez
671305,Michel Otañez
691403,Michel Triana
690953,Mick Abel
650520,Micker Adolfo
681508,Mickey Gasper
595263,Mickey Jannis
676782,Mickey McDonald
666160,Mickey Moniak
620396,Miguel Aguilar
665804,Miguel Amaya
609280,Miguel Andújar
408234,Miguel Cabrera
612434,Miguel Castro
600887,Miguel Del Pozo
622766,Miguel Díaz
805415,Miguel Fulgencio
500743,Miguel Rojas
593934,Miguel Sanó
699015,Miguel Sosa
667376,Miguel Sánchez
678246,Miguel Vargas
664337,Miguel Yajure
691629,Miguelangel Boadas
657508,Mike Baumann
684609,Mike Brewer
670712,Mike Brosseau
681347,Mike Burrows
605182,Mike Clevinger
571666,Mike Fiers
592314,Mike Foltynewicz
645801,Mike Ford
502273,Mike Freeman
690448,Mike Jarvis
592464,Mike Kickham
650633,Mike King
594577,Mike Mayers
501985,Mike Minor
543557,Mike Montgomery
573046,Mike Morin
519058,Mike Moustakas
676349,Mike Rothenberg
643565,Mike Tauchman
545361,Mike Trout
678024,Mike Vasil
605541,Mike Wright
573262,Mike Yastrzemski
572287,Mike Zunino
702540,Mikey Romero
670156,Miles Mastrobuoni
571945,Miles Mikolas
815083,Mitch Farris
641598,Mitch Garver
571745,Mitch Haniger
656605,Mitch Keller
519048,Mitch Moreland
687765,Mitch Spence
669952,Mitch White
680730,Mitchell Parker
664332,Moises Gomez
685481,Moises Rodriguez
692603,Moises Valero
694208,Moisés Ballesteros
687512,Montana Semmel
656509,Monte Harrison
605141,Mookie Betts
571710,Mychal Givens
664702,Myles Straw
622503,Nabil Crismatt
805373,Nacho Alvarez
683822,Naoyuki Uwasawa
643271,Narciso Crook
663534,Nash Walters
683083,Nasim Nuñez
702417,Natanael Polanco
702296,Nate Dohm
681987,Nate Eaton
688010,Nate Fisher
518858,Nate Jones
688087,Nate Karaffa
687039,Nate LaRue
670148,Nate Mondou
644337,Nate Orf
663878,Nate Pearson
701675,Nathan Church
543135,Nathan Eovaldi
687208,Nathan Hickey
664770,Nathan Lukes
686249,Nathan Wiles
692507,Nathanael Perez Gonzalez
663993,Nathaniel Lowe
491703,Neftalí Feliz
435522,Neil Walker
800152,Nelfri Payano
800295,Nelfy Ynfante
443558,Nelson Cruz
678729,Nelson Medina
676369,Nelson Velázquez
815148,Nestor German
686544,Nestor Lorant
663671,Nic Enright
656820,Nicholas Padilla
605113,Nick Ahmed
669397,Nick Allen
680430,Nick Allgeyer
623433,Nick Anderson
687014,Nick Avila
595897,Nick Burdi
592206,Nick Castellanos
624419,Nick Ciuffo
547170,Nick Delmonico
663975,Nick Duron
663743,Nick Fortes
693304,Nick Gonzales
580792,Nick Goody
624503,Nick Gordon
670084,Nick Heath
663321,Nick Hernandez
701762,Nick Kurtz
666157,Nick Lodolo
679845,Nick Loftin
663611,Nick Madrigal
676606,Nick Margevicius
455976,Nick Markakis
605361,Nick Martini
607259,Nick Martínez
665155,Nick Maton
683232,Nick Mears
680722,Nick Meyer
814455,Nick Mitchell
703492,Nick Morabito
680897,Nick Nastrini
663734,Nick Neidert
656793,Nick Nelson
601713,Nick Pivetta
663911,Nick Plummer
668472,Nick Pratto
598286,Nick Ramirez
695596,Nick Raposo
675919,Nick Raquet
687798,Nick Robertson
815874,Nick Roselli
680704,Nick Sandlin
678010,Nick Schnell
669222,Nick Senzel
686765,Nick Sogard
669256,Nick Solak
607374,Nick Tropeano
663989,Nick Vespi
543883,Nick Vincent
608384,Nick Williams
621295,Nick Wittgren
694377,Nick Yorke
676766,Nicklaus Snyder
670032,Nicky Lopez
663538,Nico Hoerner
683324,Nicolas Deschamps
695950,Nicolò Pinazzi
811310,Nigel Belgrave
543867,Nik Turley
800444,Nikau Pouaka-Grego
678283,Niklas Rimmel
592348,Niko Goodrum
694359,Niko Kavadas
670550,Nivaldo Rodriguez
702070,Noah Cameron
663562,Noah Davis
801801,Noah Hall
668716,Noah Murdock
592789,Noah Syndergaard
692176,Noah Takacs
702476,Noah Williamson
800611,Noble Meyer
682622,Noelvi Marte
571448,Nolan Arenado
823089,Nolan Clifford
669357,Nolan Gorman
676510,Nolan Hoffman
666134,Nolan Jones
690997,Nolan McLean
694384,Nolan Schanuel
822463,Nolan Sparks
683478,Nolberto Henriquez
608577,Nomar Mazara
650204,Norge Ruíz
598287,Noé Ramirez
641482,Néstor Cortés
695589,Ocean Gabonia
665996,Oddanier Mosqueda
546318,Odúbel Herrera
543118,Oliver Drake
686554,Oliver Dunn
661383,Oliver Ortega
692657,Omar Alfonzo
678316,Omar Cruz
683079,Omar Martinez
553882,Omar Narváez
665833,Oneil Cruz
682619,Orelvis Martinez
689147,Orion Kerkering
606115,Orlando Arcia
687377,Orlando Ribalta
693049,Oscar Colás
660757,Oscar González
682640,Osiel Rodriguez
678545,Osleivis Basabe
676047,Osvaldo Berrios
674370,Osvaldo Bido
672724,Oswald Peraza
665828,Oswaldo Cabrera
805249,Otto Kemp
672640,Otto Lopez
802086,Ovis Portes
683357,Owen Caissie
701685,Owen Kellington
680911,Owen Miller
680714,Owen Sharts
669391,Owen White
645277,Ozzie Albies
664731,P. J. Higgins
676571,PJ Poulin
641154,Pablo López
622569,Pablo Reyes
467055,Pablo Sandoval
676050,Packy Naughton
502179,Paolo Espino
670161,Parker Dunshee
571917,Parker Markel
678009,Parker Meadows
800048,Parker Messick
656786,Parker Mushinski
693483,Pat Gallagher
642162,Pat Valaika
519381,Pat Venditte
672275,Patrick Bailey
571578,Patrick Corbin
623182,Patrick Kivlehan
815268,Patrick Lee
664850,Patrick Mazeika
687287,Patrick Monteverde
641907,Patrick Murphy
688602,Patrick Murphy
663776,Patrick Sandoval
622256,Patrick Weigel
621550,Patrick Wisdom
621112,Paul Blackburn
669294,Paul Campbell
657557,Paul DeJong
643316,Paul Fry
801434,Paul Gervase
502671,Paul Goldschmidt
682192,Paul McIntosh
623149,Paul Sewald
694973,Paul Skenes
656976,Pavin Smith
687606,Paxton Schultz
700243,Payton Green
668721,Payton Henry
801139,Payton Tolle
658648,Pedro Avila
520980,Pedro Báez
801221,Pedro Garcia
694175,Pedro León
686780,Pedro Pagés
600474,Pedro Severino
467008,Pedro Strop
682171,Penn Murfee
624413,Pete Alonso
691718,Pete Crow-Armstrong
664126,Pete Fairbanks
677337,Pete Hansen
518902,Pete Kozma
663567,Peter Lambert
656981,Peter Solomon
657265,Peter Strzelecki
687967,Peter Van Loon
690984,Petey Halpin
685410,Peyton Battenfield
680814,Peyton Burdick
689931,Peyton Graham
688883,Peyton Pallette
696510,Peyton Stovall
814482,Peyton Stumbo
805268,Peyton Williams
641360,Phil Bickford
671287,Phil Clarke
640447,Phil Ervin
664208,Phil Maton
691769,Philip Abner
594838,Philip Gosselin
670426,Phillip Diehl
595943,Phillip Evans
570488,Phillips Valdéz
676637,Phoenix Sanders
803139,Pierce Bennett
572955,Pierce Johnson
701487,Pierson Ohl
687863,Porter Hodge
672860,Prelander Berroa
543258,Preston Guilmet
605512,Preston Tucker
680810,Quincy Hamilton
805962,Quinn Gudaitis
687273,Quinn Mathews
682990,Quinn Priester
595798,R. J. Alaniz
571439,R. J. Alvarez
701680,R. J. Sales
702302,RJ Schreck
699269,Rafael Cruz
646240,Rafael Devers
503569,Rafael Dolis
804668,Rafael Flores
672463,Rafael Lantigua
665561,Rafael Marchán
606160,Rafael Montero
692504,Rafael Ohashi
542364,Rafael Ortega
803596,Rafael Sánchez
800216,Rafelin Nivar
606132,Raimel Tapia
703148,Raimon Gómez
678742,Rainer Nunez
628452,Raisel Iglesias
621248,Ralph Garza
657656,Ramón Laureano
665759,Ramón Rosso
602104,Ramón Urías
545341,Randal Grichuk
695003,Randel Clemente
668227,Randy Arozarena
677976,Randy Dobnak
678495,Randy Rodríguez
600968,Randy Rosario
681190,Randy Vásquez
691094,Randy Wynne
592660,Rangel Ravelo
624133,Ranger Suárez
605143,Ray Black
678061,Ray Kerr
642720,Ray-Patrick Didder
670103,Raymond Burgos
669384,Raynel Delgado
642659,Raynel Espinal
677956,Rece Hinds
657585,Reed Garrett
624512,Reese McGuire
681857,Reese Olson
596035,Reggie McClain
672282,Reid Detmers
821116,Reinold Navarro
663753,Reiss Knehr
665665,Reiver Sanmartin
600524,Renato Núñez
650907,René Pinto
425784,René Rivera
571521,Rex Brothers
606625,Reyes Moronta
594056,Reymin Guduan
625643,Reynaldo López
695076,Rhett Lowder
689041,Rhylan Thomas
656555,Rhys Hoskins
665648,Ricardo Genovés
691627,Ricardo Olivar
620982,Ricardo Pinto
691905,Ricardo Rosario
645307,Ricardo Sanchez
448179,Rich Hill
542947,Richard Bleier
690916,Richard Fitts
663992,Richard Lovelady
593144,Richard Rodríguez
621006,Richie Martin
680700,Richie Palacios
519144,Rick Porcello
703150,Ricky Cabrera
676689,Ricky Karcher
802962,Ricky Mineo
694357,Ricky Tiedemann
676568,Ricky Vanasco
670329,Rico Garcia
691264,Rikelbin De Castro
656180,Riley Adams
682985,Riley Greene
676617,Riley O'Brien
666207,Riley Pint
642092,Riley Smith
694661,Riley Tirotta
547004,Rio Ruiz
685341,Ripken Reyes
805144,Riskiel Tineo
689981,River Ryan
672710,Roansy Contreras
542963,Rob Brantly
802996,Rob Hensey
641739,Rob Kaminsky
608701,Rob Refsnyder
642239,Rob Zastryzny
572362,Robbie Erlin
674671,Robbie Glendinning
543257,Robbie Grossman
592662,Robbie Ray
596825,Robel García
667498,Robert Dugger
676395,Robert Garcia
688107,Robert Gasser
607229,Robert Gsellman
690987,Robert Hassell
692508,Robert Robertis
596112,Robert Stephenson
476594,Robert Stock
663158,Robert Suarez
532077,Roberto Osuna
547379,Roberto Pérez
429664,Robinson Canó
455139,Robinson Chirinos
622490,Robinson Leyer
673820,Robinson Piña
682610,Roddery Muñoz
703149,Roderick Arias
666801,Rodolfo Castro
660710,Rodolfo Durán
641995,Roel Ramírez
606273,Roenis Elías
808963,Roki Sasaki
691548,Rolddy Muñoz
701350,Roman Anthony
596451,Roman Quinn
663853,Romy Gonzalez
676760,Ron Marinaccio
660670,Ronald Acuña
671790,Ronald Bolaños
608597,Ronald Guzmán
698933,Ronald Hernandez
591720,Ronald Torreyes
660613,Ronaldo Hernández
669854,Ronel Blanco
669008,Ronnie Dawson
692830,Ronny Chalas
678692,Ronny Henriquez
677595,Ronny Mauricio
678604,Ronny Rojas
682927,Ronny Simon
665621,Rony García
701010,Roque Salinas
446321,Ross Detwiler
548389,Ross Stripling
596059,Rougned Odor
592858,Rowan Wick
642133,Rowdy Tellez
668904,Royce Lewis
686438,Rubel Cespedes
665180,Ruben Cardenas
666922,Ryan Aguilar
686701,Ryan Bergert
669208,Ryan Bliss
621366,Ryan Borucki
518489,Ryan Brasier
460075,Ryan Braun
488748,Ryan Buchter
621114,Ryan Burr
701318,Ryan Cardona
624418,Ryan Castellani
805989,Ryan Chasse
641477,Ryan Cordell
676900,Ryan Dorow
663372,Ryan Feltner
681676,Ryan Fernandez
680837,Ryan Fitzgerald
572365,Ryan Goins
687473,Ryan Gusto
689877,Ryan Harbin
670057,Ryan Hartman
687308,Ryan Harvey
664854,Ryan Helsley
641682,Ryan Hendrix
680777,Ryan Jeffers
688214,Ryan Jennings
696270,Ryan Johnson
668952,Ryan Kreidler
534606,Ryan LaMarre
805782,Ryan Lasko
543432,Ryan Lavarnway
683318,Ryan Leitch
702795,Ryan Loutos
643436,Ryan McBroom
806005,Ryan McCarty
663630,Ryan McKenna
641857,Ryan McMahon
664682,Ryan Meisinger
668943,Ryan Miller
663624,Ryan Mountcastle
676116,Ryan Noda
656811,Ryan O'Hearn
686752,Ryan Pepiot
519151,Ryan Pressly
690022,Ryan Ritter
669020,Ryan Rolison
595411,Ryan Sherriff
572193,Ryan Tepera
657044,Ryan Thompson
668723,Ryan Vilade
676254,Ryan Walker
669899,Ryan Ward
677960,Ryan Weathers
543901,Ryan Weber
642232,Ryan Yarbrough
666171,Ryan Zeferjahn
475582,Ryan Zimmerman
656924,Ryder Ryan
676625,Rylan Bannon
607560,Ryne Harper
669194,Ryne Nelson
592773,Ryne Stanek
592387,Ryon Healy
686217,Sal Frelick
607219,Sal Romano
701398,Sal Stewart
521692,Salvador Pérez
691951,Sam Aldegheri
696147,Sam Bachman
813291,Sam Brodersen
621348,Sam Clay
656322,Sam Coonrod
518693,Sam Freeman
543208,Sam Gaviglio
664059,Sam Haggerty
656529,Sam Hentges
656541,Sam Hilliard
607572,Sam Howard
669087,Sam Huff
679556,Sam Jacobsak
669674,Sam Long
594580,Sam Moll
671217,Sam Praytor
835380,Sam Rochard
572125,Sam Selman
669392,Samad Taylor
803679,Sammy Hernandez
671111,Sammy Peralta
686445,Sammy Siani
806230,Sammy Stafura
694212,Samuel Basallo
815704,Samuel Carpio
699022,Samuel Fabian
800510,Samuel Gil
682840,Samuel Perez
696519,Samy Natera
660758,Sandro Fabian
645261,Sandy Alcántara
506702,Sandy León
669289,Santiago Espinal
666659,Sauryn Lao
687830,Sawyer Gipson-Long
518397,Scott Alexander
605130,Scott Barlow
656240,Scott Blewett
664123,Scott Effross
595981,Scott Heineman
656568,Scott Hurst
431148,Scott Kazmir
664068,Scott Kingery
657672,Scott Manea
543518,Scott McGough
641900,Scott Moss
594988,Scott Schebler
656248,Sean Bouchard
680732,Sean Burke
448281,Sean Doolittle
543219,Sean Gilmartin
674944,Sean Guenther
702314,Sean Hermann
663546,Sean Hjelle
453527,Sean Kazmar
815873,Sean Keys
640455,Sean Manaea
669221,Sean Murphy
656794,Sean Newcomb
543594,Sean Nolin
664092,Sean Poppen
656887,Sean Reid-Foley
669308,Sean Reynolds
446481,Sean Rodríguez
687187,Sebastian Keane
665861,Sebastián Rivero
664874,Seby Zavala
673548,Seiya Suzuki
622554,Seranthony Domínguez
642727,Sergio Alcántara
489265,Sergio Romo
684084,Sergio Umaña
666179,Seth Beer
664913,Seth Brown
676220,Seth Elledge
571676,Seth Frankoff
678020,Seth Halvorsen
686751,Seth Johnson
607625,Seth Lugo
661527,Seth Martinez
804587,Seth Nightingale
656913,Seth Romero
700931,Seth Stephenson
694186,Shalin Polanco
669358,Shane Baz
669456,Shane Bieber
572888,Shane Greene
676847,Shane Matheny
663556,Shane McClanahan
681343,Shane Smith
641312,Shaun Anderson
542888,Shawn Armstrong
681869,Shawn Dubin
596049,Shawn Morimando
815272,Shay Timmer
694376,Shay Whitcomb
669127,Shea Langeliers
665661,Shea Spitzbarth
643418,Shed Long
571946,Shelby Miller
641914,Sheldon Neuse
665947,Sherten Apostel
425783,Shin-Soo Choo
829272,Shinnosuke Ogasawara
660261,Shintaro Fujinami
673451,Shogo Akiyama
660271,Shohei Ohtani
684007,Shota Imanaga
685493,Shun Yamaguchi
827664,Silvano Hechavarria
611093,Silvino Bracho
680573,Simeon Woods Richardson
664350,Sixto Sánchez
621450,Skye Bolt
813766,Skylar Hales
677944,Slade Cecconi
693418,Solomon Maguire
543243,Sonny Gray
681293,Spencer Arrighetti
702352,Spencer Bivens
687462,Spencer Horwitz
675921,Spencer Howard
682987,Spencer Jones
689070,Spencer Packard
607359,Spencer Patton
680885,Spencer Schwellenbach
668715,Spencer Steer
675911,Spencer Strider
679529,Spencer Torkelson
605513,Spencer Turnbull
657093,Spenser Watkins
516770,Starlin Castro
516782,Starling Marte
682623,Starlyn Castillo
667727,Steele Walker
592233,Stefan Crichton
552662,Stefen Romero
624427,Stephen Gonsalves
663568,Stephen Kolek
668665,Stephen Nogosek
572039,Stephen Piscotty
670050,Stephen Ridings
679663,Stephen Scott
544931,Stephen Strasburg
605501,Stephen Tarpley
519390,Stephen Vogt
643532,Sterling Sharp
518553,Steve Cishek
680727,Steve Hajjar
643230,Steven Brault
674444,Steven Cruz
621453,Steven Duggar
680757,Steven Kwan
571927,Steven Matz
595345,Steven Okert
519306,Steven Souza
621051,Steven Wilson
592859,Stevie Wilkerson
672642,Steward Berroa
656448,Stone Garrett
656413,Stuart Fairchild
806103,Sunayro Martina
665922,Símon Muzziotti
519008,T. J. McFarland
643615,T. J. Zeuch
670770,TJ Friedl
686759,TJ Hopkins
592836,Taijuan Walker
671737,Taj Bradley
664196,Tanner Anderson
621383,Tanner Banks
703748,Tanner Bauman
676440,Tanner Bibee
685299,Tanner Gordon
656557,Tanner Houck
805374,Tanner Jacobson
681289,Tanner Kohlhepp
671088,Tanner Morris
663432,Tanner Rainey
543699,Tanner Roark
656945,Tanner Scott
668684,Tanner Tully
669373,Tarik Skubal
642048,Tayler Saucedo
605463,Tayler Scott
664199,Taylor Clarke
543089,Taylor Davis
607555,Taylor Guilbeau
656494,Taylor Gushue
621368,Taylor Hearn
622100,Taylor Jones
670128,Taylor Kohlwey
600301,Taylor Motter
688497,Taylor Rashi
573124,Taylor Rogers
666211,Taylor Trammell
670764,Taylor Walls
621493,Taylor Ward
642203,Taylor Widener
592865,Taylor Williams
622088,Tejay Antone
606192,Teoscar Hernández
605253,Terrance Gore
679631,Terrin Vavra
663658,Thaddeus Ward
642731,Thairo Estrada
800798,Thomas Bruss
664045,Thomas Eshelman
641672,Thomas Hatch
623381,Thomas Pannone
695336,Thomas Saggese
663378,Thomas Szapucki
806258,Thomas White
600986,Thyago Vieira
641313,Tim Anderson
542921,Tim Beckham
671284,Tim Elko
682120,Tim Herrin
657612,Tim Hill
641796,Tim Locastro
621005,Tim Lopes
641835,Tim Mayza
694374,Tim Tawa
672359,Tirso Ornelas
668964,Tobias Myers
453943,Todd Frazier
676680,Tom Cosgrove
802419,Tom Harrington
608596,Tom Murphy
694281,Tomas Frick
656382,Tommy Doyle
669242,Tommy Edman
674072,Tommy Henry
488984,Tommy Hunter
592454,Tommy Kahnle
600303,Tommy La Stella
543548,Tommy Milone
667297,Tommy Nance
502054,Tommy Pham
676720,Tommy Romero
608372,Tomoyuki Sugano
621512,Tomás Nido
542513,Tomás Telis
664062,Tony Gonsolin
643393,Tony Kemp
663574,Tony Santillan
453265,Tony Watson
547172,Tony Wolters
687942,Torin Montgomery
657053,Touki Toussaint
701519,Travis Adams
664157,Travis Bergen
663905,Travis Blankenhorn
641513,Travis Demeritte
608671,Travis Jankowski
664042,Travis Lakins
543768,Travis Shaw
680552,Travis Swaggerty
518595,Travis d'Arnaud
572204,Trayce Thompson
607208,Trea Turner
623508,Trent Giambrone
663757,Trent Grisham
695787,Trent Hodgdon
694382,Trent Palmer
663423,Trent Thornton
670092,Trenton Brooks
668663,Tres Barrera
800723,Trevin Michael
545333,Trevor Bauer
685392,Trevor Boone
502239,Trevor Cahill
641627,Trevor Gott
669386,Trevor Hauver
657610,Trevor Hildenberger
665001,Trevor Kelley
663616,Trevor Larnach
543507,Trevor May
686790,Trevor McDonald
656730,Trevor Megill
670950,Trevor Richards
669432,Trevor Rogers
572096,Trevor Rosenthal
663986,Trevor Stephan
596115,Trevor Story
592866,Trevor Williams
664011,Trey Amburgey
663550,Trey Cabbage
702358,Trey Lipscomb
641820,Trey Mancini
700242,Trey Sweeney
622259,Trey Wingenter
702056,Trey Yesavage
663941,Tristan Beck
702911,Tristan Garnett
656484,Tristan Gray
671976,Tristan Peters
688306,Tristan Stevens
663536,Tristin English
671213,Triston Casas
663474,Triston McKenzie
687859,Troy Johnston
675512,Troy Melton
687285,Troy Schreffler
657011,Troy Stokes
700187,Troy Taylor
691907,Tsung-Che Cheng
571466,Tucker Barnhart
674646,Tucker Bradley
656353,Tucker Davidson
688367,Tucker Mitchell
702283,Tucker Toman
672779,Tucupita Marcano
686654,Ty Adcock
621389,Ty Blach
621142,Ty Buttrey
664034,Ty France
680744,Ty Madden
676709,Ty Tice
641302,Tyler Alexander
542881,Tyler Anderson
641341,Tyler Bashlor
595881,Tyler Beede
672012,Tyler Black
802680,Tyler Bradt
682997,Tyler Callihan
543022,Tyler Chatwood
461325,Tyler Clippard
680418,Tyler Cropley
664202,Tyler Cyr
641501,Tyler Danish
608648,Tyler Duffey
621053,Tyler Ferguson
666149,Tyler Fitzgerald
452095,Tyler Flowers
671289,Tyler Freeman
694355,Tyler Gentry
656457,Tyler Gilbert
607192,Tyler Glasnow
623168,Tyler Heineman
656540,Tyler Hill
663947,Tyler Holton
663959,Tyler Ivey
664079,Tyler Jay
641755,Tyler Kinley
502285,Tyler Ladendorf
682988,Tyler Locklear
544928,Tyler Lyons
641816,Tyler Mahle
554431,Tyler Matzek
694812,Tyler McDonough
571980,Tyler Naquin
663527,Tyler Nevin
641933,Tyler O'Neill
687074,Tyler Owens
665066,Tyler Payne
663969,Tyler Phillips
643511,Tyler Rogers
691016,Tyler Soderstrom
811211,Tyler Stasiowski
663886,Tyler Stephenson
592804,Tyler Thornburg
686475,Tyler Tolbert
642180,Tyler Wade
643778,Tyler Webb
669330,Tyler Wells
643603,Tyler White
676604,Tyler Zuber
656731,Tylor Megill
621438,Tyrone Taylor
668338,Tyson Miller
624407,Tzu-Wei Lin
694042,Ulices Campos
678368,Valente Bellozo
687093,Vaughn Grissom
694193,Victor Acosta
692478,Victor Arias
800573,Victor Cabreja
624647,Victor González
682989,Victor Mederos
683748,Victor Mesa
703861,Victor Ortega
687363,Victor Scott
680767,Victor Vodnik
660644,Vidal Bruján
605353,Vimael Machín
669344,Vince Fernandez
592826,Vince Velasquez
691710,Vincent Perozo
686469,Vinnie Pasquantino
681962,Vinny Capra
657697,Vinny Nittoli
665489,Vladimir Guerrero
661269,Vladimir Gutiérrez
644364,Víctor Arano
605170,Víctor Caratini
700032,Víctor Labrada
622682,Víctor Reyes
645302,Víctor Robles
451584,Wade Davis
453281,Wade LeBlanc
685133,Wade Meckler
489119,Wade Miley
801384,Walin Castillo
621111,Walker Buehler
621141,Walker Lockett
679156,Walter Pennington
677551,Wander Franco
593833,Wander Suero
593974,Wandy Peralta
682653,Warming Bernabel
683469,Warren Saunders
593590,Webster Rivas
800286,Wellington Aracena
808207,Wen-Hui Pan
672761,Wenceel Pérez
605138,Wes Benjamin
641149,Wes Parsons
642215,Weston Wilson
593160,Whit Merrifield
682790,Wikelman González
640444,Wil Crowe
571976,Wil Myers
696062,Wilber Dotel
702906,Wilfredo Lara
541600,Wilfredo Tovar
683497,Wilker Reyes
687006,Will Armbruester
677943,Will Banfield
666181,Will Benson
686823,Will Brennan
825756,Will Cannon
643269,Will Craig
501789,Will Harris
694361,Will Klein
683770,Will Robertson
519293,Will Smith
669257,Will Smith
676684,Will Vest
695238,Will Wagner
701542,Will Warren
814492,Will Watson
669717,Will Wilson
650489,Willi Castro
703151,William Bergolla
661388,William Contreras
682016,William Woods
678981,Williander Moreno
553902,Willians Astudillo
641432,Willie Calhoun
680862,Willie MacIver
575929,Willson Contreras
642715,Willy Adames
694217,Willy Fanas
701206,Willy Montero
594694,Wilmer Difo
527038,Wilmer Flores
521655,Wilmer Font
467092,Wilson Ramos
503449,Wily Peralta
677800,Wilyer Abreu
694671,Wyatt Langford
621500,Wyatt Mathisen
670090,Wyatt Mills
592144,Wynton Bernard
593428,Xander Bogaerts
702696,Xavier Cardenas
669364,Xavier Edwards
801870,Xavier Meachem
814392,Xavier Rivas
675540,Xzavion Curry
605441,Yacksel Ríos
628450,Yadiel Hernández
592680,Yadiel Rivera
425877,Yadier Molina
673237,Yainer Diaz
622168,Yairo Muñoz
543228,Yan Gomes
650490,Yandy Díaz
692585,Yanquiel Fernández
682274,Yaramil Hiraldo
684320,Yariel Rodríguez
518735,Yasmani Grandal
606162,Yefry Ramírez
694213,Yemal Flores
622075,Yency Almonte
666974,Yennier Cano
660546,Yennsy Díaz
691701,Yeral Martinez
691398,Yerlin Confidan
606213,Yermín Mercedes
660787,Yerry De los Santos
666720,Yerry Rodríguez
699097,Yeuni Munoz
691268,Yiddi Cappe
700270,Yilber Díaz
554340,Yimi García
661255,Yoan López
672782,Yoendrys Gómez
493316,Yoenis Céspedes
699293,Yohairo Cuevas
670990,Yohan Ramírez
682695,Yohander Martinez
650968,Yohel Pozo
682818,Yohendrick Pinango
691503,Yolbert Sánchez
692848,Yoldin De La Paz
684133,Yoljeldriz Diaz
570560,Yolmer Sánchez
800257,Yonatan Henriquez
602074,Yonathan Daza
666632,Yonathan Perlaza
700292,Yondrei Rojas
681457,Yoniel Ramirez
630023,Yonny Chirinos
660634,Yonny Hernández
670541,Yordan Álvarez
703154,Yordany De Los Santos
800277,Yordy Herrera
660857,Yorman Rodriguez
660294,Yoshi Tsutsugo
673633,Yoshihisa Hirano
808967,Yoshinobu Yamamoto
691172,Yosver Zulueta
660162,Yoán Moncada
644374,Yu Chang
506433,Yu Darvish
673513,Yuki Matsui
493329,Yuli Gurriel
628708,Yunior Marte
670870,Yunior Severino
692842,Yunior Thibo
579328,Yusei Kikuchi
433589,Yusmeiro Petit
666783,Yusniel Díaz
668678,Zac Gallen
665093,Zac Grotz
670219,Zac Kristofak
675912,Zac Lowther
573127,Zac Rosscup
691728,Zac Veen
688642,Zach Agnos
694350,Zach Brzykcy
805904,Zach Cole
605200,Zach Davies
676113,Zach DeLoach
701305,Zach Dezenzo
621107,Zach Eflin
608339,Zach Green
676252,Zach Haake
668876,Zach Humphreys
667427,Zach Jackson
656657,Zach Logue
687209,Zach Maxwell
502083,Zach McAllister
656716,Zach McKinstry
669105,Zach Muckenhirn
594943,Zach Neal
687263,Zach Neto
683068,Zach Penrod
668676,Zach Plesac
647315,Zach Pop
676646,Zach Reks
621545,Zach Remillard
605507,Zach Thompson
805731,Zach Veen
502154,Zack Britton
641420,Zack Burdi
641470,Zack Collins
680869,Zack Gelof
643327,Zack Godley
425844,Zack Greinke
677161,Zack Kelly
687033,Zack Lee
641793,Zack Littell
670097,Zack Short
668868,Zack Thompson
592848,Zack Weiss
554430,Zack Wheeler
687849,Zak Kent
805800,Zander Mueth
801415,Zander Sechrist
805673,Zebby Matthews
669804,Ángel De Jesús
622780,Ángel Perdomo
424144,Óliver Pérez
591712,Óscar Hernández
640458,Óscar Mercado
